GROUP,PACKAGE,CLASS,INSTRUCTION_MISSED,INSTRUCTION_COVERED,BRANCH_MISSED,BRANCH_COVERED,LINE_MISSED,LINE_COVERED,COMPLEXITY_MISSED,COMPLEXITY_COVERED,METHOD_MISSED,METHOD_COVERED
globalinsyrancejava11,com.sapient.utility,MessageBoard,24,0,0,0,7,0,2,0,2,0
globalinsyrancejava11,com.sapient.utility,ClaimApp,171,0,12,0,31,0,13,0,7,0
globalinsyrancejava11,com.sapient.utility,FinallyDemo,12,0,0,0,4,0,2,0,2,0
globalinsyrancejava11,com.sapient.utility,SelectorDemo,41,0,0,0,15,0,3,0,3,0
globalinsyrancejava11,com.sapient.utility,MultiCatchException,48,0,0,0,17,0,2,0,2,0
globalinsyrancejava11,com.sapient.utility,TypeInferenceDemo,46,0,0,0,12,0,5,0,5,0
globalinsyrancejava11,com.sapient.utility,DeadLock,48,0,0,0,8,0,2,0,2,0
globalinsyrancejava11,com.sapient.utility,AnimateApp,29,0,2,0,9,0,3,0,2,0
globalinsyrancejava11,com.sapient.utility,I18nDemo,46,0,0,0,14,0,2,0,2,0
globalinsyrancejava11,com.sapient.utility,FlatMapDemo,125,0,0,0,35,0,5,0,5,0
globalinsyrancejava11,com.sapient.utility,StringEnhancements11,42,0,0,0,9,0,2,0,2,0
globalinsyrancejava11,com.sapient.utility,TimeAPIDemo,47,0,2,0,13,0,3,0,2,0
globalinsyrancejava11,com.sapient.utility,ExecutorDemo,32,0,0,0,12,0,2,0,2,0
globalinsyrancejava11,com.sapient.utility,ClaimAppStream,120,0,8,0,25,0,9,0,5,0
globalinsyrancejava11,com.sapient.utility,OwnerThreadApp,55,0,2,0,12,0,3,0,2,0
globalinsyrancejava11,com.sapient.utility,VehicleSimulationApp,34,0,2,0,7,0,3,0,2,0
globalinsyrancejava11,com.sapient.dao,ClaimPostgresImpl,46,206,5,5,10,44,4,7,0,6
globalinsyrancejava11,com.sapient.dao,CovidImpl,82,0,6,0,23,0,5,0,2,0
globalinsyrancejava11,com.sapient.dao,ClaimMongoImpl,3,152,1,3,1,32,1,7,0,6
globalinsyrancejava11,com.sapient.dao,ClaimImpl,14,73,1,1,3,17,1,3,0,3
globalinsyrancejava11,com.sapient,Main,122,0,6,0,21,0,9,0,6,0
globalinsyrancejava11,com.sapient.helpers,PostgresHelper,3,20,0,0,1,5,1,1,1,1
globalinsyrancejava11,com.sapient.helpers,MongoDBHelper,3,18,0,0,1,4,1,1,1,1
globalinsyrancejava11,com.sapient.vos,TollBooth,9,0,0,0,4,0,2,0,2,0
globalinsyrancejava11,com.sapient.vos,Bridge,9,0,0,0,4,0,2,0,2,0
globalinsyrancejava11,com.sapient.threads,AnimateNameThread,40,0,2,0,10,0,3,0,2,0
globalinsyrancejava11,com.sapient.threads,OTPGenerator,10,0,0,0,2,0,2,0,2,0
globalinsyrancejava11,com.sapient.threads,VehicleSimulationThread,41,0,0,0,13,0,2,0,2,0
globalinsyrancejava11,com.sapient.threads,VehicleDeadlockSimulationThread,64,0,0,0,21,0,2,0,2,0
globalinsyrancejava11,com.sapient.threads,MessageSimulator,95,0,10,0,31,0,9,0,4,0
globalinsyrancejava11,com.sapient.threads,OwnerThread,29,0,0,0,7,0,2,0,2,0
globalinsyrancejava11,com.sapient.facades,ClaimFacade,27,2,0,0,11,1,11,1,11,1
globalinsyrancejava11,com.sapient.facades,PaymentImpl,3,0,0,0,1,0,1,0,1,0
globalinsyrancejava11,com.sapient.facades,PaymentFacade,2,0,0,0,1,0,1,0,1,0
globalinsyrancejava11,com.sapient.models,Message,107,0,16,0,5,0,18,0,10,0
globalinsyrancejava11,com.sapient.models,Vehicle,134,3,22,0,8,1,21,1,10,1
globalinsyrancejava11,com.sapient.models,Owner,124,0,22,0,5,0,21,0,10,0
globalinsyrancejava11,com.sapient.models,Claim,137,46,20,0,0,7,14,10,4,10
globalinsyrancejava11,com.sapient.models,CustomerVO,44,0,2,0,13,0,7,0,6,0
globalinsyrancejava11,com.sapient.exceptions,PasswordException,4,0,0,0,2,0,1,0,1,0
